id	term	Estimate	Est.Error	l-67% CI	u-67% CI	Rhat	Bulk_ESS	Tail_ESS
16	Domestic_organization1	-0.03038804102632589	0.06776609264140547	-0.08112197082166192	0.013480972838150371	1.000129662122924	4275	3884
16	Marital_residence_with_kin_prevailing_patternother	-0.005372698000318057	0.06252664527778434	-0.0454102353921651	0.03325116186463044	1.0018310412303595	5583	3463
16	Marital_residence_with_kin_prevailing_patternwife	-0.004808980375789737	0.06246128890013713	-0.04439404450664822	0.03261097916837358	1.0011724601363132	4989	3806
16	Community_marriage_organizationendogamous	-0.003785197871353463	0.05652622086835708	-0.03840573505326186	0.032311185104301254	0.9997840233071632	5988	3804
16	Community_marriage_organizationexogamous	-2.9068939865298465e-4	0.05183228105907823	-0.034143107420828184	0.03502313105945802	1.0009388288256809	5800	3555
16	Cousin_marriages_permitted	0.0013966344053713414	0.03282790938145233	-0.02209497390486984	0.026118508129040104	1.000730340963116	5444	4020
16	Kin_terms_for_cousins	0.007479568566255335	0.03010946314531365	-0.014090628360765986	0.03257795988211185	0.9995447422880082	5346	3803
16	Settlement_patterns	0.01478690728735675	0.02608427146298527	-0.005642863489773421	0.03972114571882816	0.999799082864341	3877	3524
16	Mean_size_of_local_communities	0.011985453420042962	0.02715724179722663	-0.008094668495633131	0.03657786795268632	0.9997745637870009	4231	4018
16	Jurisdictional_hierarchy_of_local_community	0.01268956516574024	0.05096175431739999	-0.020623415424099956	0.049440157483244825	0.9994746346895746	5286	3468
16	Jurisdictional_hierarchy_beyond_local_community	0.03930666829852181	0.055676047539708215	-0.004447456694421841	0.09357174114668704	0.9998511636452269	3312	3976
16	Religion_high_gods	-0.02521307379055787	0.04324163604285294	-0.0646683828942467	0.005931361131721662	1.000895145768481	3531	3263
16	Subsistence_economy_dominant_activityext_agr	-0.006447846118051133	0.05629370534304384	-0.0421060151183053	0.028989139201499436	0.9999962406412228	4949	3585
16	Subsistence_economy_dominant_activityforaging	4.7356901186642e-4	0.06414087616866138	-0.03854993666469925	0.03861004535966079	1.0016436099377914	5427	3610
16	Subsistence_economy_dominant_activityint_agr	-0.004969198324815101	0.06099126222455433	-0.04379779668590183	0.03196810291610622	1.0010508404397596	5672	3790
16	Subsistence_economy_dominant_activitypastoralism	-0.006329245253703874	0.07825996028593066	-0.04739717212949275	0.03598793461726284	1.0000559067480521	5905	3276
16	Descent_major_typepatrilineal	0.09089009988231944	0.12149430461309653	-0.0018204894917851467	0.2087013540587641	1.0016468518786645	1997	3099
16	Class_differentiation_primary	0.03568518707122343	0.04535868597248296	-0.0017152737195409089	0.08098840504047783	1.0007033380764887	3533	3216
16	Caste_differentiation_primary	0.006308393275455862	0.04940967879041681	-0.025911659748980406	0.040064781516181605	1.0000849477468572	5865	3980
16	Slavery_type	0.17395804243336077	0.07121397293102134	0.1070364629546475	0.24469243975574587	1.0016153470832914	2613	1246
16	Political_successionmatrilineal	0.030954734535655757	0.0902723168195586	-0.02132344747088884	0.08102017943408824	0.9999181240886835	4360	3538
16	Political_successionother	-0.04769709226420272	0.08280421751560813	-0.11919905791354161	0.007983805166082759	1.0002201133700355	3414	3788
16	Political_successionpatrilineal	0.0011934995623854288	0.05455172603492681	-0.033117760554288805	0.035695395551654754	0.9995861823144117	5526	3650
16	Inheritance_rule_for_real_property_landmatrilineal	0.03461385528844362	0.09539534947936602	-0.020435423553793606	0.09048678631784202	1.0005015701358047	4199	3515
16	Inheritance_rule_for_real_property_landother	-0.05061229471315997	0.10506956261167635	-0.12457022046770211	0.012187755935429166	1.001267288128236	3734	3611
16	Inheritance_rule_for_real_property_landpatrilineal	0.026168334837344223	0.0654212326458726	-0.015301586472035939	0.07371282871189687	1.000802729011207	4769	3951
16	Norms_of_premarital_sexual_behavior_of_girls	0.005457259783585948	0.022365153592672746	-0.011397940665493614	0.02398326012305913	1.0001914537832395	5414	3844
24	Domestic_organization1	-0.036560037214881304	0.07462254767268155	-0.09954522880056886	0.01415274346173885	1.0005030432407702	4161	3590
24	Marital_residence_with_kin_prevailing_patternother	-0.00870026682713852	0.06709574880592958	-0.05367300337858939	0.03371144976803415	0.999750053163511	5721	3419
24	Marital_residence_with_kin_prevailing_patternwife	0.012201823395913636	0.06916088531540146	-0.032843604084836935	0.059178659468620984	1.0000818795455921	4631	4038
24	Community_marriage_organizationendogamous	0.017629272276145046	0.068360235791934093	-0.027652235923938874	0.06827746179096446	1.00056824133446	5216	3076
24	Community_marriage_organizationexogamous	0.01109767444184836	0.06329975443073374	-0.030116730264691548	0.053771054327377096	1.001013967277775	5589	3500
24	Cousin_marriages_permitted	0.05292534349576636	0.05397604111827338	5.934215882875018e-4	0.10748276282334529	1.000840045200972	2149	3201
24	Kin_terms_for_cousins	-0.0015397188152723748	0.031129223161571448	-0.026828306166010382	0.024244577418408263	1.0009427532313497	5259	4302
24	Settlement_patterns	0.07801428963801112	0.03714143558289975	0.04099853931293988	0.11320309999354236	1.0009718876230875	3286	2211
24	Mean_size_of_local_communities	-0.019338219275935948	0.030157276349208544	-0.04791975654044769	0.005681905826087961	1.0005732204005429	3738	3721
24	Jurisdictional_hierarchy_of_local_community	0.034105769997638424	0.06581916927865218	-0.012348693227896331	0.09021288180622154	0.9996664682520758	4487	3673
24	Jurisdictional_hierarchy_beyond_local_community	0.037284050876572446	0.058370463749347415	-0.0070968963281004705	0.0911666201296026	1.0004882735846408	3020	3656
24	Religion_high_gods	-0.07076477104331166	0.06377887619753325	-0.13663852235580715	-0.004413761658264207	1.0008556364369254	2064	2956
24	Subsistence_economy_dominant_activityext_agr	-0.005013451754494065	0.06305587553587476	-0.049313560955725935	0.035945102705296945	0.9999663013616716	5289	3875
24	Subsistence_economy_dominant_activityforaging	-0.024452644879575793	0.08156961115211536	-0.07945492878898895	0.02680200458532319	0.9997976863983746	4671	3475
24	Subsistence_economy_dominant_activityint_agr	0.012070180734980234	0.06912998216152742	-0.03132053355941035	0.05900138495896962	0.9997269488903582	4878	3351
24	Subsistence_economy_dominant_activitypastoralism	-0.004776922172685889	0.09346230106059689	-0.05766327497866551	0.04540845744242555	0.999848522074248	5307	3277
24	Descent_major_typepatrilineal	0.12295136145821828	0.13521125456976243	0.0011312171632753129	0.2592557128614376	1.0003645697794716	2357	3331
24	Class_differentiation_primary	0.06723366122600721	0.056481464280140135	0.006758392104363302	0.12637702782879004	1.00114411852108	2135	3497
24	Caste_differentiation_primary	-0.005611328747655082	0.05521637304396396	-0.0444492365900738	0.03422441926998826	1.0013672793743382	4781	3470
24	Slavery_type	0.09177745462233344	0.06165045612828828	0.025717049858668944	0.15439287139973862	1.0004994412383714	2651	2752
24	Political_successionmatrilineal	0.019330770866087026	0.08978192570363373	-0.03190508833631923	0.06825403303579122	0.9999241376439717	5761	3643
24	Political_successionother	-0.01006685485665839	0.06185660358052146	-0.055715209483990474	0.03157185605028545	0.9999397205297648	5854	3425
24	Political_successionpatrilineal	0.030366998996030393	0.0714541175958257	-0.016179619198206405	0.08480367416941967	1.0001997954537292	5045	3840
24	Inheritance_rule_for_real_property_landmatrilineal	0.004965737104313346	0.08026052601251261	-0.04211839919658734	0.05437018441697213	0.9996091535855687	5404	3551
24	Inheritance_rule_for_real_property_landother	-0.031826466270478276	0.08738156523422738	-0.0888926702856916	0.0208190471427929	0.9996783679144671	4894	3978
24	Inheritance_rule_for_real_property_landpatrilineal	0.050303568717856934	0.08710443191911298	-0.010675540039414773	0.12274517655571092	1.000135771143238	3590	3636
24	Norms_of_premarital_sexual_behavior_of_girls	-0.0071760498098214515	0.02410933020911928	-0.028368428641029904	0.012223824182493475	1.0006294463706873	4920	3898
55	Domestic_organization1	-0.024187564288411494	0.06969890968589197	-0.07949003400244502	0.022125030226112476	0.9998930467673243	5507	3451
55	Marital_residence_with_kin_prevailing_patternother	0.011690064393554566	0.07325710407225167	-0.03735293345051702	0.06232618054710207	0.9995459484578062	6082	3462
55	Marital_residence_with_kin_prevailing_patternwife	0.006069730033393378	0.06629477991964552	-0.036411447132625736	0.05153165162617855	1.0008942819971398	6198	3381
55	Community_marriage_organizationendogamous	-0.00205516569072745	0.06433346598347409	-0.04372211126656354	0.04016401020783624	1.000004241879727	5437	3786
55	Community_marriage_organizationexogamous	0.002973500996035651	0.06055662637972801	-0.03787332248918606	0.044691220248098594	1.0002736853740404	6994	3905
55	Cousin_marriages_permitted	-0.004389985805591402	0.03675981997890443	-0.03345265803324101	0.02244148104293494	0.9999251095499095	5696	3574
55	Kin_terms_for_cousins	0.03898707834499573	0.04017864932435344	3.617145971450094e-4	0.07990502695448595	1.000554941092032	2773	3185
55	Settlement_patterns	0.02464941647699888	0.029180589829636647	-0.001384250242065921	0.05365127740891682	0.9998406232538569	3685	3628
55	Mean_size_of_local_communities	-0.022340360838039912	0.032271186582102686	-0.05365880832237943	0.004373533758271319	0.9999467795443764	3422	3925
55	Jurisdictional_hierarchy_of_local_community	0.03542545707925909	0.06620116071615723	-0.012881063415257101	0.09441582768158809	1.0003954532052277	4171	3045
55	Jurisdictional_hierarchy_beyond_local_community	0.12789904283923817	0.08709119849590197	0.03206514200687921	0.2182685985627414	1.0003865055730574	2327	2290
55	Religion_high_gods	-0.0856568657412525	0.0663448817924137	-0.15297757432541823	-0.012748410507002522	1.0017393952833256	1906	2973
55	Subsistence_economy_dominant_activityext_agr	-0.015756007971873973	0.07238926814849882	-0.068107248122063	0.03223872334830867	1.0019519594800634	5563	3566
55	Subsistence_economy_dominant_activityforaging	0.014389674940482208	0.07957075242153296	-0.03565486114660704	0.06942730133774862	1.0015606555609409	5349	3548
55	Subsistence_economy_dominant_activityint_agr	0.023955580583632962	0.08227137553434954	-0.028149800373953655	0.08081256825211112	1.0015038515277404	5514	3534
55	Subsistence_economy_dominant_activitypastoralism	-0.041897627936583144	0.12663141689883123	-0.10905946831153496	0.027963829209939017	0.9999195578200873	4442	3288
55	Descent_major_typepatrilineal	0.01200124520602399	0.06693791370453439	-0.03322253723775776	0.06232211314415961	0.9999872255000172	6119	3395
55	Class_differentiation_primary	0.03715285927599393	0.049048275642262884	-0.004813643214461788	0.08735089577466096	0.9996674253668704	3835	3928
55	Caste_differentiation_primary	0.014843595967607155	0.057560808146501365	-0.024787117502974285	0.060890996200618275	1.0000313933859737	6842	3829
55	Slavery_type	0.2210881779821388	0.06409600259968289	0.1593265330731808	0.2818952710681369	1.0002527018886826	4282	3761
55	Political_successionmatrilineal	0.05799422481105162	0.1185043122089487	-0.016051828905143072	0.14650801470455463	1.0005442955534842	3565	3276
55	Political_successionother	-0.071760200425051407	0.09943853910309543	-0.16679974118183452	0.005381864922563239	0.9998287119211576	3133	3317
55	Political_successionpatrilineal	0.03153972833925697	0.07677836714553515	-0.020497768905166455	0.093140258975962	0.9998232971880333	5392	3879
55	Inheritance_rule_for_real_property_landmatrilineal	-0.01135818433290814	0.08251015291338717	-0.05959391934239089	0.03829669573249418	0.9998358319313994	5284	3598
55	Inheritance_rule_for_real_property_landother	-0.046440248327404045	0.09889629198037998	-0.11952474748847874	0.016102743532256346	1.0000296165278426	4705	3627
55	Inheritance_rule_for_real_property_landpatrilineal	-0.0012189460523103675	0.0626987783807117	-0.043845613788188145	0.04262597287025902	1.0000142225202253	5707	3391
55	Norms_of_premarital_sexual_behavior_of_girls	-7.483784313743093e-4	0.024009833738976197	-0.021216769334139813	0.019350781936376293	0.9997689040522718	5730	3992
25	Domestic_organization1	-0.00569514358182541	0.0727487422085927	-0.057668193922238584	0.0462320867264377	1.0002289153801507	5471	3673
25	Marital_residence_with_kin_prevailing_patternother	0.04167060483067145	0.10094782260304695	-0.025468645636693318	0.11736560490573067	1.0006326569284285	4042	3858
25	Marital_residence_with_kin_prevailing_patternwife	-0.01648394643954174	0.08325946748557042	-0.07762292282026041	0.041074798547331134	1.0004996827054653	5438	3481
25	Community_marriage_organizationendogamous	-0.018281259240577764	0.07734092591502845	-0.07545792276791252	0.03525778835522185	1.0001171304555667	5784	3866
25	Community_marriage_organizationexogamous	0.04187507357227696	0.08355644211464569	-0.018522018180753202	0.11503870271745631	1.0004601698969025	4580	3856
25	Cousin_marriages_permitted	-0.011625669027700595	0.04171424565826078	-0.04861875679176576	0.019900548514342187	1.0001394168527973	5073	3840
25	Kin_terms_for_cousins	0.012655916136732575	0.03601175498452128	-0.0150317159434012	0.044996547869236764	0.9998753266706832	4453	3721
25	Settlement_patterns	0.039765694185723253	0.03460433136014926	0.003930594466787748	0.07409396079330714	1.0003074985774012	3141	3285
25	Mean_size_of_local_communities	-0.008839740696221114	0.029638585839429035	-0.03587355306512926	0.01567780060094604	1.0008923833528474	4682	3783
25	Jurisdictional_hierarchy_of_local_community	0.0963852124728128	0.09758356827681593	0.0017117012298166943	0.19714143081304011	1.0001090672684945	2761	3252
25	Jurisdictional_hierarchy_beyond_local_community	0.17881852324215364	0.08634290439980409	0.0936409116890605	0.26497853887462175	0.9999565824326718	2493	1532
25	Religion_high_gods	-0.10252998282631169	0.0703378492704082	-0.1741049815361058	-0.02683022839711642	1.0001092967001322	2038	2141
25	Subsistence_economy_dominant_activityext_agr	0.022325376519730135	0.08495694656264119	-0.03601813635432334	0.08529833246160241	1.000356072941384	4878	3829
25	Subsistence_economy_dominant_activityforaging	-0.007834604149843629	0.08992242066141566	-0.07183285827839862	0.05438028914240874	1.001524199273392	4602	3303
25	Subsistence_economy_dominant_activityint_agr	-0.001569501463617386	0.08692086883251235	-0.06318696538372762	0.06042561390826488	1.0004036743810845	5819	3867
25	Subsistence_economy_dominant_activitypastoralism	-0.03565430876546392	0.13158608587025175	-0.11547419129642526	0.04354217015214751	1.0001109111871695	5053	3242
25	Descent_major_typepatrilineal	0.1397608344494278	0.14470667855894323	0.0015039958988158075	0.28932546725524066	1.0008035706814125	2051	3139
25	Class_differentiation_primary	0.022192852323991062	0.04610690954990955	-0.013969014817930617	0.06432385029482704	1.0006522572610168	3927	3442
25	Caste_differentiation_primary	0.005880154430515301	0.06279684075293447	-0.04000920701308276	0.052291883458083256	1.0001384690860124	5225	3861
25	Slavery_type	0.179215393532329	0.06349914233042055	0.11701397154088972	0.24090287392643764	1.0003892833499575	3286	1849
25	Political_successionmatrilineal	0.19066964286175309	0.2178830980082814	-3.4631882798403493e-4	0.42346924584528745	1.0006145037687624	2216	3104
25	Political_successionother	-0.07564804384742069	0.11000597047119762	-0.1753404573835223	0.009183888229869208	1.0007957671795098	3189	3358
25	Political_successionpatrilineal	-0.01496105574335395	0.08268659759707293	-0.07295235512034962	0.0411541354309605	1.0015140833155465	4209	3269
25	Inheritance_rule_for_real_property_landmatrilineal	0.12378688167170444	0.18314724006268845	-0.008216107065125967	0.29347005373939933	1.0006818846579864	3007	3488
25	Inheritance_rule_for_real_property_landother	-0.10324796589093568	0.14314256273764062	-0.2447909917507512	0.007386310286759406	1.0004015540437796	3097	3370
25	Inheritance_rule_for_real_property_landpatrilineal	0.027910151584824596	0.08393037135028748	-0.028797354854929368	0.0920920007916675	0.9999261978199732	4598	3838
25	Norms_of_premarital_sexual_behavior_of_girls	0.015289603360220413	0.027842594426635486	-0.007647796338368147	0.041969364713620054	1.0003776259393005	4188	4019
27	Domestic_organization1	-0.045858035797868534	0.08473496961782845	-0.1210213350028973	0.014564445772664768	1.0005209738583232	3750	3666
27	Marital_residence_with_kin_prevailing_patternother	0.004303248485353966	0.0760371642178501	-0.048052143700104674	0.05711010986871587	1.0001780248180103	5494	3611
27	Marital_residence_with_kin_prevailing_patternwife	3.9880439160569344e-5	0.07238650675588763	-0.04981133893035925	0.048858118135451406	1.0018360360484575	6014	3766
27	Community_marriage_organizationendogamous	-0.035899879318234844	0.0805286114269369	-0.10446028738080534	0.019559582853055323	1.0004960432247718	4665	3794
27	Community_marriage_organizationexogamous	0.018805128400890214	0.06898010926601966	-0.027955069573055366	0.07239692971511155	1.0004626319818293	5234	3557
27	Cousin_marriages_permitted	-0.010996306894136772	0.04032661231975011	-0.044966712842794625	0.020037266556408913	0.9996824501541433	4853	3266
27	Kin_terms_for_cousins	0.02918819720430115	0.04020161197750822	-0.004784776593938173	0.0679453637733709	1.0002865587598706	3534	3471
27	Settlement_patterns	0.03243904356923828	0.0336156590440802	3.929802885739437e-4	0.0666904496171353	1.0031966418025924	2568	3426
27	Mean_size_of_local_communities	-2.479039792545493e-4	0.028093669461828008	-0.023185863257613144	0.023286460309329394	1.0008458730481153	4361	4098
27	Jurisdictional_hierarchy_of_local_community	0.02353395180874813	0.06370460866776517	-0.02090598044767815	0.0739161391586134	1.0012372540337715	4486	3709
27	Jurisdictional_hierarchy_beyond_local_community	0.05977236914646101	0.0676931170496569	-8.210157510779612e-4	0.12951322930352271	1.0003029007222934	2704	3205
27	Religion_high_gods	-0.13376449750366035	0.07283651651384475	-0.20694891253026873	-0.057731536030821075	1.0004396405610876	2181	1324
27	Subsistence_economy_dominant_activityext_agr	-0.0057827207388249	0.06998288567199495	-0.05640996646298934	0.0420000713052602	1.0001328732309136	5673	3716
27	Subsistence_economy_dominant_activityforaging	-0.029436099433728907	0.09094977681122242	-0.09635468989456504	0.031485443927609026	0.9998274885978136	4665	3274
27	Subsistence_economy_dominant_activityint_agr	-0.00593369918874661	0.07603265968620458	-0.05602732829398159	0.044111862186101206	1.0005614229395479	5501	3680
27	Subsistence_economy_dominant_activitypastoralism	0.07739840341793393	0.1680501815357492	-0.02277882962889858	0.1848977941893936	1.0024975967835212	3049	3155
27	Descent_major_typepatrilineal	0.06293397565560428	0.09982341986952141	-0.009486912208092975	0.15140513334167366	1.000085483594364	3685	3901
27	Class_differentiation_primary	0.04705151623115209	0.05172270798761904	-7.808797425866711e-4	0.09995627224615355	1.000571441291564	2975	3396
27	Caste_differentiation_primary	0.0062164021429103	0.05907861299367608	-0.03457584478936951	0.050077938341556334	1.000358010892171	5104	3737
27	Slavery_type	0.29643934980639447	0.06332815135757841	0.23373005367695582	0.3596615769369692	1.000306555968656	4530	3819
27	Political_successionmatrilineal	0.028235335772340702	0.09232325650339912	-0.028498318034953844	0.09333493159004067	1.001350296605921	4988	3627
27	Political_successionother	-0.0564648770171008	0.09280304794671264	-0.1432449156094777	0.011824075723879396	1.000869198972904	3099	3400
27	Political_successionpatrilineal	0.06655595492351479	0.0971882152687843	-0.007993093420920614	0.15662113834546926	1.0015573835953324	3077	3808
27	Inheritance_rule_for_real_property_landmatrilineal	0.003499707111636725	0.08982122952347342	-0.05262887732051972	0.06115556211850181	1.0017048268989077	5663	3307
27	Inheritance_rule_for_real_property_landother	-0.004484879147249407	0.08302584040991609	-0.0586870421877	0.04847358025634499	1.0003213260132122	4843	3744
27	Inheritance_rule_for_real_property_landpatrilineal	0.018820739918256058	0.07045334114265633	-0.029553304575851397	0.07284005245197611	0.9999205565174994	4821	3542
27	Norms_of_premarital_sexual_behavior_of_girls	0.029559437254371705	0.031151342890284643	-1.7346839051393524e-4	0.061422869660871224	1.0001372652194593	2964	3788
82	Domestic_organization1	-0.03555513340384572	0.07779222876646105	-0.10071169199669477	0.019197167693364364	1.000342442633858	4499	4013
82	Marital_residence_with_kin_prevailing_patternother	-0.016016224658995486	0.08244816051252112	-0.0749525422225284	0.03855657197668635	1.0009340703229224	5561	3103
82	Marital_residence_with_kin_prevailing_patternwife	0.008486024185002336	0.07646638780982395	-0.042296933437171454	0.06114100584295279	1.0009275058328062	5707	3615
82	Community_marriage_organizationendogamous	0.12412838883414158	0.13760220606440599	1.9107055172647223e-4	0.26718368139620974	1.0001393121614555	2373	3476
82	Community_marriage_organizationexogamous	0.05849003837742852	0.1006021204025866	-0.013938363129251537	0.14513360658170765	1.000844694665184	3262	3512
82	Cousin_marriages_permitted	0.005151157765905572	0.03856831439035941	-0.023408157783700742	0.035876366552031747	1.0005104962319344	4713	3980
82	Kin_terms_for_cousins	0.029739212235097998	0.039954334628599646	-0.0038345939590078643	0.06799431304354722	1.0010694675504375	3719	3903
82	Settlement_patterns	0.028233910251392175	0.03252799257926364	-0.0016248521079948604	0.060918554643353544	1.0002902228072257	3781	3836
82	Mean_size_of_local_communities	-0.031426436835897624	0.037167975365218715	-0.06952335140575139	0.001671217580340551	1.0012215459414848	2686	3332
82	Jurisdictional_hierarchy_of_local_community	0.03281575935329019	0.06965478593663418	-0.01796686498011603	0.09038744577951682	1.000021031159919	4516	3640
82	Jurisdictional_hierarchy_beyond_local_community	0.07143138218613473	0.07103424791351068	0.0015610822975616816	0.1455394226758856	1.002408068359348	2459	3276
82	Religion_high_gods	-0.13562910853110083	0.07536986063609565	-0.21026387153611928	-0.05827163063560855	1.0018230646725546	1771	937
82	Subsistence_economy_dominant_activityext_agr	-0.01919507667497924	0.08449922422491699	-0.08040587305213086	0.03735218261586067	1.0008297659259142	4138	3415
82	Subsistence_economy_dominant_activityforaging	-0.10081399324448138	0.1457225672302948	-0.236533707437256	0.0077960294731398054	1.0015813788260148	2761	3480
82	Subsistence_economy_dominant_activityint_agr	0.04427102020728246	0.09925381417094331	-0.02119028566422191	0.12378232225052031	1.001775497482137	3915	3352
82	Subsistence_economy_dominant_activitypastoralism	0.005758286714869727	0.11380694058887496	-0.06067826814319699	0.07279902966821188	1.0002970515730172	5108	3472
82	Descent_major_typepatrilineal	0.11059676766051565	0.13024549568657431	-0.0012475448813316695	0.23988703820660823	1.0007871105456936	2634	3248
82	Class_differentiation_primary	0.059626099362772626	0.05560447087327457	0.003141253860748485	0.11746268125144271	1.0013408586743024	2575	3476
82	Caste_differentiation_primary	0.013807770036047799	0.06172521497937269	-0.030525775490719546	0.06426286300127182	1.000024788980313	4872	3786
82	Slavery_type	0.1474506887223953	0.06572763209135721	0.08372039199749928	0.2121313647031534	1.0007584124970186	2057	1131
82	Political_successionmatrilineal	0.060421446990486835	0.1281879772416044	-0.021113114403792897	0.14778545919219938	1.0008628948145615	3515	3381
82	Political_successionother	-0.039202065634767524	0.08186376354428546	-0.11155723545373845	0.018847701508102135	1.0005280691794702	4510	3491
82	Political_successionpatrilineal	0.05746433438598906	0.09316129230519098	-0.012559371116168849	0.1439311898830871	1.0005915395308425	3672	3680
82	Inheritance_rule_for_real_property_landmatrilineal	0.05783255918652869	0.12141254593638792	-0.022442278872095843	0.15061694263526662	1.0008383508496896	3447	3395
82	Inheritance_rule_for_real_property_landother	-0.03520716333062523	0.09700100526035213	-0.10696528244767109	0.026085411548247388	1.0004308076919124	4679	3435
82	Inheritance_rule_for_real_property_landpatrilineal	0.03569406030721826	0.08116815032745982	-0.01917988138078501	0.10182278434374688	1.0003868946324852	3788	3645
82	Norms_of_premarital_sexual_behavior_of_girls	0.010347768421176521	0.026827621022028257	-0.011419463072382965	0.0356955845586787	0.9998895256403524	4499	4165
67	Domestic_organization1	-0.011777250627991183	0.05839286509939427	-0.05283396676751477	0.024934518427413815	0.9998882379386832	5414	3639
67	Marital_residence_with_kin_prevailing_patternother	-0.004369684026970043	0.06453175213317064	-0.04731435377606627	0.03606757289682157	1.0011665148216602	6672	3765
67	Marital_residence_with_kin_prevailing_patternwife	0.005131644697907777	0.06316508996482399	-0.03480547217288761	0.04606816467682438	1.0009549452667947	5044	3488
67	Community_marriage_organizationendogamous	0.024785323800818448	0.06775194928833167	-0.01713710347991058	0.07271585127755092	1.0000095599639494	4500	3394
67	Community_marriage_organizationexogamous	0.0068299589062272474	0.059199539570260855	-0.032626847199373414	0.04469351598180349	1.0010928699291364	5630	3486
67	Cousin_marriages_permitted	-0.026832067291009922	0.042982401358651376	-0.06765294259804795	0.005421265466843179	1.0005152870285157	3772	3199
67	Kin_terms_for_cousins	-0.005350455689566269	0.029645398162654036	-0.030584430924640936	0.017402827205768863	1.0000550499301932	5786	3764
67	Settlement_patterns	0.0336065770180489	0.03186857852799409	0.0015082823343975323	0.06496505355188216	1.0010436571096495	3294	3410
67	Mean_size_of_local_communities	0.0023803302776919536	0.02566041525942663	-0.017823749663538127	0.024065984692516775	1.0003117034174285	4437	3680
67	Jurisdictional_hierarchy_of_local_community	0.022337358588798525	0.055274105152505325	-0.014394383380416632	0.06606322695679467	0.9998413519770964	4262	3719
67	Jurisdictional_hierarchy_beyond_local_community	0.0839045754710769	0.07817309797080228	0.003310446456350763	0.16547859112901084	1.0012697608477554	2168	3001
67	Religion_high_gods	-0.05914081039951437	0.06052527773694821	-0.12291390011947956	-3.2793884105565655e-4	1.002401759080426	2138	3356
67	Subsistence_economy_dominant_activityext_agr	-0.01576554185362344	0.06778066131125512	-0.06255938670729615	0.02861397710613966	1.0005288734417324	4351	3289
67	Subsistence_economy_dominant_activityforaging	-0.013488438313394588	0.07025698164613364	-0.059962261499265715	0.02888083080575309	0.9998855512171992	5017	4002
67	Subsistence_economy_dominant_activityint_agr	0.02405363655257458	0.07368060223400541	-0.02216251927312065	0.0773419367065445	1.0006227390189117	4355	3425
67	Subsistence_economy_dominant_activitypastoralism	-0.011552881623820486	0.09106039655607774	-0.054262311164004366	0.03478736787114228	1.000936548342554	5292	3410
67	Descent_major_typepatrilineal	0.03873248001288998	0.08125843028854937	-0.014439949591942426	0.10065636666259498	1.0004272662739264	4046	3867
67	Class_differentiation_primary	0.03816890903833958	0.04749298955172282	-0.002283964189044779	0.08521170616249835	1.0005032816921637	3167	3526
67	Caste_differentiation_primary	-0.002356318361235185	0.053768265384754974	-0.039000408688211426	0.03372691865982529	0.9998824878567434	4927	3400
67	Slavery_type	0.1468354391400025	0.06929436537501023	0.07576425749623854	0.21466838526693782	1.0008037046026268	2861	1805
67	Political_successionmatrilineal	0.003818424657075266	0.07306770986424037	-0.03900688685789535	0.04839706394334879	1.0000887865332104	5192	3301
67	Political_successionother	-0.04707204611742843	0.08343248783141373	-0.11469408928791897	0.010118188182286604	0.9999656443856668	3576	3690
67	Political_successionpatrilineal	0.041115531860570806	0.07830698947985755	-0.011309259083696226	0.10576308934869894	0.9997931988832512	4044	3357
67	Inheritance_rule_for_real_property_landmatrilineal	0.03469250458282709	0.10004476586239841	-0.02255864602862848	0.09217892157279792	1.0002108222165436	3712	3425
67	Inheritance_rule_for_real_property_landother	-0.03989782661684467	0.09543795906749873	-0.10076079455472473	0.017219625801388125	1.0014160388837443	4127	3819
67	Inheritance_rule_for_real_property_landpatrilineal	0.03196891705234248	0.07177064287558045	-0.015222659099295589	0.08854782908077355	0.9996181020367156	4527	3950
67	Norms_of_premarital_sexual_behavior_of_girls	0.010269361164927363	0.024099308885440106	-0.00806892140075701	0.032402719906435604	0.9992742938175152	3651	3912
7	Domestic_organization1	-0.014721785748342884	0.06090016894517884	-0.05865143487497268	0.026320876280427265	1.0011382876347175	5028	3954
7	Marital_residence_with_kin_prevailing_patternother	0.01819060423062098	0.07323405329670025	-0.027614684037779978	0.06754176147575466	1.000350519983352	4980	3627
7	Marital_residence_with_kin_prevailing_patternwife	-0.0020033648549537533	0.06806201172567848	-0.04421278288630585	0.042083007397534816	1.0006990946359653	5622	3361
7	Community_marriage_organizationendogamous	-0.016822058172961434	0.06463944537528686	-0.06332085831916309	0.0263393896828383	1.0004670808292289	5052	3450
7	Community_marriage_organizationexogamous	0.007840963317911377	0.05913763315215294	-0.03184689460539015	0.051382241657333134	0.9999960580558171	5753	3590
7	Cousin_marriages_permitted	0.00675372298041758	0.03573343411560827	-0.02091464066871272	0.03693823806121991	1.0008248348498257	4680	3839
7	Kin_terms_for_cousins	-0.012770816310058556	0.03232479620823626	-0.0401971674281346	0.011138584468850719	0.9998459957848852	4209	3800
7	Settlement_patterns	0.026577618734980473	0.030446287211829858	-0.0010177616397469248	0.05780737764276306	1.000770807858346	3060	3485
7	Mean_size_of_local_communities	8.341210456385413e-4	0.025785503951065943	-0.02011812578876095	0.022229564221173708	0.9995195654738886	4274	3756
7	Jurisdictional_hierarchy_of_local_community	0.011209967790532224	0.05430489305338226	-0.026586691234590593	0.05203811434209961	1.000101712605558	4965	3487
7	Jurisdictional_hierarchy_beyond_local_community	0.030556787709682273	0.0525883856568624	-0.008810676697109353	0.07919950172836286	1.0008024234036839	3663	3763
7	Religion_high_gods	-0.037998265787229826	0.04941949476460241	-0.08609168522507568	0.003339741730159403	0.9999684804267244	2861	3398
7	Subsistence_economy_dominant_activityext_agr	0.026370328515219206	0.07637564410099221	-0.021169690671712215	0.07824971946523515	1.0008847970961012	3993	3416
7	Subsistence_economy_dominant_activityforaging	-0.03598804446389912	0.0907454694773403	-0.09968059876097701	0.019535351783992003	1.0000209972851455	3170	3374
7	Subsistence_economy_dominant_activityint_agr	-0.009136684736676868	0.07417630508061908	-0.057445770040321635	0.03663000413984207	1.0006435961841365	5151	3508
7	Subsistence_economy_dominant_activitypastoralism	-0.03031791856471498	0.11014720845899235	-0.08864456214269392	0.028171748350184107	1.000300748720516	3984	3285
7	Descent_major_typepatrilineal	0.0607692057596531	0.0992495638660073	-0.009577666046474044	0.15143414416644585	1.0022686728266759	2571	3318
7	Class_differentiation_primary	0.05160773063492664	0.05239631936639513	5.890340218767038e-4	0.10581686149881288	1.0000215166465771	2856	3212
7	Caste_differentiation_primary	0.06228407665565654	0.08581376307898177	-0.003960633198045952	0.14597508729699643	0.9999629434069839	2801	3329
7	Slavery_type	0.16698828790076506	0.06677368989209669	0.10051696651256653	0.23122517703055598	1.0024034324644022	3400	1880
7	Political_successionmatrilineal	0.061629027122399406	0.1279281709518636	-0.015615471116123962	0.14774094005809266	0.9996598222314079	3012	3575
7	Political_successionother	-0.062212766791446585	0.09853386585246673	-0.15175892925756218	0.007977636660627153	1.0000912633741772	2675	3382
7	Political_successionpatrilineal	0.11181638960442182	0.12596028488254205	-7.411100406790892e-6	0.23766041369212143	1.0018999085499134	2138	3471
7	Inheritance_rule_for_real_property_landmatrilineal	0.03748130939995472	0.10594524867875166	-0.023526528631825017	0.09991164547542214	0.9994664114066639	4103	3780
7	Inheritance_rule_for_real_property_landother	0.008410998824943686	0.07838342928103142	-0.039311894897911384	0.05551350514999001	1.0006136244598116	5101	3269
7	Inheritance_rule_for_real_property_landpatrilineal	-0.009934466834695779	0.06502394085450766	-0.05466688738724139	0.03267270153568524	1.0005612267661783	5096	3688
7	Norms_of_premarital_sexual_behavior_of_girls	-0.02837821412960753	0.03150859922078133	-0.060019515613382785	3.5073341015623693e-4	0.9999375493463672	2790	3764
48	Domestic_organization1	-0.062259215762223666	0.09566480330899257	-0.15276090395188663	0.011673877002672755	0.9998265992338821	3476	3686
48	Marital_residence_with_kin_prevailing_patternother	-0.0050617912496711695	0.07849161591999457	-0.06473985184582531	0.049345765991830326	1.0004566629696463	4869	4015
48	Marital_residence_with_kin_prevailing_patternwife	-0.016862035038370103	0.08021791430215994	-0.0749139321841271	0.03666204519404453	1.0006631356061706	4781	3546
48	Community_marriage_organizationendogamous	-0.001020482507721019	0.06809697397740677	-0.04864962994215762	0.04691803197357959	1.0004279169717558	5553	3602
48	Community_marriage_organizationexogamous	0.012886156000909341	0.06984400696536809	-0.036113333391624876	0.062405816176348036	1.0012910947315399	5347	3452
48	Cousin_marriages_permitted	-0.012268012009085814	0.0406516239138135	-0.04735224471146443	0.017934253982252703	1.0010338234166192	4323	3735
48	Kin_terms_for_cousins	0.01157211466450864	0.03508998533465884	-0.015930634102997783	0.04424116455963282	0.9999534170138088	4840	4203
48	Settlement_patterns	0.035472888577935624	0.03410321366726842	0.001209992020238298	0.07011619596365412	1.0009037609331395	3098	3269
48	Mean_size_of_local_communities	-0.0071923991223178324	0.028543759150233678	-0.03339914095264585	0.015874812438797972	0.9995150491883537	4669	3850
48	Jurisdictional_hierarchy_of_local_community	0.05278304065251952	0.07852563932030894	-0.007354723231279897	0.12747899026688145	0.999956634070341	3501	3743
48	Jurisdictional_hierarchy_beyond_local_community	0.10977910299264484	0.07894626522532187	0.024630704994870235	0.18917432971726997	1.0004330632381717	2293	2528
48	Religion_high_gods	-0.18917925083719572	0.07406873970530364	-0.2595781515171457	-0.11812066131382909	1.001281738951135	2652	2045
48	Subsistence_economy_dominant_activityext_agr	0.004376411330955737	0.076407281882866	-0.048694539389855365	0.05641924554211736	1.0001637816578521	4443	3810
48	Subsistence_economy_dominant_activityforaging	-0.08405070125576314	0.1324892457949409	-0.20341872638022346	0.012335082600406312	0.9992960146874599	2849	3554
48	Subsistence_economy_dominant_activityint_agr	0.04039161746102424	0.09644544813876903	-0.024982153617892838	0.11741374258296061	0.9992004168311583	4657	3592
48	Subsistence_economy_dominant_activitypastoralism	-0.017724704104197186	0.11256608560056602	-0.09011895080824203	0.04948658299151161	1.001836912123255	4395	3686
48	Descent_major_typepatrilineal	0.05981756620936668	0.09622475784025795	-0.011570815857826539	0.15029206348633967	1.002768439482804	3343	3649
48	Class_differentiation_primary	0.013910459648405888	0.03975049723716612	-0.01716856767874314	0.05006914550325477	0.9998800733781179	4187	3996
48	Caste_differentiation_primary	0.09705025311716599	0.1032359253439696	6.383777007404107e-4	0.20288067513807911	1.0001255761215153	2402	3737
48	Slavery_type	0.19107318725350234	0.06419217390769873	0.12940185663828538	0.2525518384667462	1.0003033824795453	3690	2473
48	Political_successionmatrilineal	0.1104757013038396	0.16151712401570206	-0.007901360840278007	0.26118931541995694	1.0012102924168844	2388	3336
48	Political_successionother	-0.04788859365318088	0.08913694860095897	-0.12855064473083752	0.016606595166568715	1.0001771453272412	3836	3750
48	Political_successionpatrilineal	0.024978477877224452	0.0761875366022863	-0.02702777641700401	0.08427487170650966	1.0001936340939004	3895	3577
48	Inheritance_rule_for_real_property_landmatrilineal	0.04039691335157533	0.11353770703601997	-0.030388763329216622	0.11523594502736034	0.9995005319559599	4031	3323
48	Inheritance_rule_for_real_property_landother	-0.04541569521208711	0.10447466977636964	-0.12438683618262272	0.022945268368926276	1.0003236061985927	3791	2895
48	Inheritance_rule_for_real_property_landpatrilineal	0.02936378827521304	0.07834103897574872	-0.025711593362702068	0.09455988623690106	1.000233040840843	4893	3479
48	Norms_of_premarital_sexual_behavior_of_girls	0.03490812470198375	0.033154168359935565	0.001729053371847326	0.06792947651389097	1.0008620474073249	2557	3228
61	Domestic_organization1	-0.0476589995901463	0.08752619956629401	-0.12446114123239618	0.015418958702849123	1.0006465822867787	4973	3606
61	Marital_residence_with_kin_prevailing_patternother	-0.001370371029453386	0.08066886498384902	-0.05716667142695741	0.054119985625917286	1.0007504765504829	6723	3535
61	Marital_residence_with_kin_prevailing_patternwife	-0.010654401371088978	0.07654379082938792	-0.06563668551771555	0.04282621095722844	0.9997671259398051	5779	3731
61	Community_marriage_organizationendogamous	0.010048268323303777	0.07314688914817426	-0.04006955313301486	0.06332045052758577	1.0003891415572421	6068	3585
61	Community_marriage_organizationexogamous	0.026720890974020948	0.07403550339769141	-0.022558749748175136	0.08863084031407281	0.999572037020639	5553	3938
61	Cousin_marriages_permitted	-0.010509686699418399	0.03971184199242791	-0.04661705920219575	0.02050569428364128	1.0001838117927597	4989	3846
61	Kin_terms_for_cousins	0.016514484990094194	0.034844394269712864	-0.010475813026296287	0.04965319364662248	1.000076078744387	4470	3850
61	Settlement_patterns	0.08868383568978183	0.03728379155010705	0.051363834754642526	0.12506622610306126	1.0009241681408205	3142	1958
61	Mean_size_of_local_communities	-0.015138637850409923	0.029415708928517987	-0.04331860773784019	0.008176419060601013	1.0003070748674534	3999	4003
61	Jurisdictional_hierarchy_of_local_community	0.049637207674803306	0.07752142782859427	-0.009822749168154895	0.12384571356558897	1.002166972044167	3976	4039
61	Jurisdictional_hierarchy_beyond_local_community	0.14925080620639333	0.08688601114927598	0.057109766572234336	0.2370586606003166	1.0002101757877377	2693	1762
61	Religion_high_gods	-0.05770797023717277	0.05914792743437045	-0.11619533903470423	-0.0012532190883742741	1.0029666820941254	2330	3612
61	Subsistence_economy_dominant_activityext_agr	-0.010565440279039337	0.0785851446751438	-0.06660395877900453	0.0420635427875879	1.0000010979774658	5595	3798
61	Subsistence_economy_dominant_activityforaging	-0.013236823618684328	0.08935735431263489	-0.07569668675495833	0.04489661926753779	1.0008466264593685	6440	3645
61	Subsistence_economy_dominant_activityint_agr	0.04626544918518278	0.10098770732050535	-0.02251310509551468	0.12537166710087386	1.000825263988764	4669	3483
61	Subsistence_economy_dominant_activitypastoralism	-0.007444595826624294	0.10913607675028293	-0.07363929131029492	0.056749163130928065	1.000147365211189	5374	3275
61	Descent_major_typepatrilineal	0.05433595485588177	0.09581353273423861	-0.014555128668033868	0.1370959586287813	1.0002058577407815	3729	3324
61	Class_differentiation_primary	0.030222243394814528	0.04654315482891165	-0.007407557219259268	0.07686294443579104	1.000003340427848	4186	3737
61	Caste_differentiation_primary	0.006837415681400977	0.06101134809379847	-0.03792832622826056	0.054153284367040845	1.0002627447144776	6772	3421
61	Slavery_type	0.1772227176400091	0.06484520739607695	0.11293015611181023	0.23978334282395738	1.000186154991824	3662	2193
61	Political_successionmatrilineal	0.1503605262082611	0.19227843581624143	-0.0034933710771824895	0.3363991258868337	1.001089374958021	2266	3015
61	Political_successionother	-0.058460637450155666	0.09774384767137267	-0.1457187462326819	0.012054166468305382	1.0010051255873138	3764	3787
61	Political_successionpatrilineal	0.008965199949560706	0.07317662909972525	-0.039592168354987425	0.06078924722509394	1.0010114556200813	4974	3532
61	Inheritance_rule_for_real_property_landmatrilineal	0.025836022362635543	0.10270171512874156	-0.0380047802940452	0.09520508045257718	0.9997677086576215	5172	3182
61	Inheritance_rule_for_real_property_landother	-0.24244872103186277	0.22912746017124236	-0.482631840383978	-0.010988328459113229	1.000551363708497	2314	2935
61	Inheritance_rule_for_real_property_landpatrilineal	0.02121031963529317	0.0788681190287034	-0.031713535722981676	0.0816869697714902	0.9999091159421825	4601	3437
61	Norms_of_premarital_sexual_behavior_of_girls	9.489231000265187e-4	0.02483861656098715	-0.020100117155836216	0.02128995904969578	1.0002112807156556	4806	3592
